VehicleID,VehicleType,StandardizedID,Capacity,Range
1,V001,small van,131.9211396722696,145.85207096486445
2,V002,medium van,108.4356199315333,1304.605971281605
3,V003,medium van,91.50425520531196,953.172608610164
4,V004,light truck,32.896064077536955,17.302304187458727
5,V005,medium van,22.65262807032524,16.627680130757895
6,V006,light truck,22.682911535937688,13.602810739289229
