{"C001_C002_geopy": 10.270211718438478, "C002_C003_geopy": 4.239027303393786, "C003_C004_geopy": 11.603069735530704, "C004_C005_geopy": 8.884619132037688, "C005_C006_geopy": 5.089973863807874, "C007_C008_geopy": 17.465636191974138, "C008_C009_geopy": 5.083648164924506, "C009_C010_geopy": 9.082667796906838, "C010_C011_geopy": 10.432219049162462, "C012_C013_geopy": 12.196965478656178, "C013_C014_geopy": 9.23939175466163, "C014_C015_geopy": 13.807126259481054, "C015_C016_geopy": 5.516804894378873, "C017_C018_geopy": 4.482305023381721, "C018_C019_geopy": 9.945793687245624, "C019_C020_geopy": 9.150549154262333, "C020_C021_geopy": 10.796473269197115, "C022_C023_geopy": 12.173746429839628, "C023_C024_geopy": 17.05482824099271}